level,tag,count
front,front,100
front,journal-meta,100
front,journal-id,100
front,journal-title-group,98
front,journal-title,100
front,issn,99
front,publisher,98
front,publisher-name,98
front,publisher-loc,41
front,article-meta,100
front,article-id,100
front,article-categories,100
front,subj-group,100
front,subject,100
front,title-group,100
front,article-title,100
front,styled-content,1
front,alt-title,22
front,contrib-group,100
front,contrib,100
front,name,100
front,surname,100
front,given-names,100
front,xref,99
front,sup,52
front,contrib-id,34
front,address,23
front,email,94
front,aff,100
front,label,81
front,named-content,6
front,institution,48
front,country,22
front,author-notes,71
front,corresp,66
front,bold,47
front,break,2
front,pub-date,100
front,day,98
front,month,100
front,year,100
front,volume,98
front,issue,59
front,issue-id,2
front,fpage,44
front,lpage,44
front,history,88
front,date,88
front,permissions,100
front,copyright-statement,95
front,italic,43
front,license,98
front,license-p,96
front,ext-link,66
front,self-uri,28
front,abstract,99
front,title,65
front,p,99
front,kwd-group,67
front,kwd,67
front,counts,28
front,fig-count,22
front,table-count,22
front,page-count,28
front,word-count,11
front,custom-meta-group,37
front,custom-meta,37
front,meta-name,37
front,meta-value,37
front,notes,12
front,mixed-citation,2
front,string-name,2
front,source,2
front,pub-id,2
front,fn-group,2
front,fn,41
front,phone,8
front,elocation-id,56
front,sec,41
front,funding-group,36
front,award-group,28
front,funding-source,29
front,institution-wrap,29
front,institution-id,26
front,award-id,21
front,principal-award-recipient,9
front,addr-line,27
front,role,15
front,copyright-year,71
front,copyright-holder,46
front,funding-statement,14
front,series-title,1
front,{http://www.niso.org/schemas/ali/1.0/}license_ref,22
front,article-version,4
front,city,4
front,postal-code,2
front,support-group,1
front,equation-count,10
front,ref-count,12
front,degrees,10
front,{http://www.niso.org/schemas/ali/1.0/}free_to_read,1
front,article-version-alternatives,1
front,sub,6
front,uri,14
front,season,4
front,fax,1
front,graphic,4
front,list,3
front,list-item,3
front,def-list,1
front,def-item,1
front,term,1
front,def,1
front,supplement,1
front,suffix,2
front,sc,1
front,boxed-text,1
front,subtitle,1
front,fig,1
sec,sec,100
sec,label,85
sec,title,100
sec,p,100
sec,xref,100
sec,sub,53
sec,sup,79
sec,italic,92
sec,table-wrap,62
sec,caption,85
sec,table,57
sec,col,17
sec,thead,56
sec,tr,57
sec,th,47
sec,tbody,57
sec,td,57
sec,table-wrap-foot,46
sec,fn,23
sec,permissions,2
sec,copyright-holder,2
sec,fig,76
sec,styled-content,1
sec,graphic,78
sec,supplementary-material,35
sec,media,35
sec,bold,60
sec,ext-link,32
sec,underline,6
sec,object-id,11
sec,named-content,3
sec,break,13
sec,alternatives,14
sec,colgroup,14
sec,email,1
sec,disp-quote,2
sec,sc,5
sec,inline-formula,8
sec,{http://www.w3.org/1998/Math/MathML}math,15
sec,{http://www.w3.org/1998/Math/MathML}mi,13
sec,{http://www.w3.org/1998/Math/MathML}mo,15
sec,{http://www.w3.org/1998/Math/MathML}msup,6
sec,{http://www.w3.org/1998/Math/MathML}mrow,14
sec,{http://www.w3.org/1998/Math/MathML}mn,12
sec,{http://www.w3.org/1998/Math/MathML}msub,8
sec,inline-graphic,5
sec,{http://www.w3.org/1998/Math/MathML}msubsup,8
sec,{http://www.w3.org/1998/Math/MathML}mtext,9
sec,{http://www.w3.org/1998/Math/MathML}mfenced,5
sec,{http://www.w3.org/1998/Math/MathML}mspace,5
sec,{http://www.w3.org/1998/Math/MathML}munder,4
sec,disp-formula,14
sec,{http://www.w3.org/1998/Math/MathML}mtable,5
sec,{http://www.w3.org/1998/Math/MathML}mtr,5
sec,{http://www.w3.org/1998/Math/MathML}mtd,5
sec,{http://www.w3.org/1998/Math/MathML}mover,3
sec,{http://www.w3.org/1998/Math/MathML}mfrac,7
sec,{http://www.w3.org/1998/Math/MathML}munderover,2
sec,monospace,2
sec,list,13
sec,list-item,13
sec,uri,5
sec,tex-math,3
sec,attrib,1
sec,hr,7
sec,array,1
sec,alt-text,2
sec,{http://www.w3.org/1998/Math/MathML}msqrt,2
sec,{http://www.w3.org/1998/Math/MathML}mstyle,1
back,back,100
back,ref-list,100
back,title,94
back,ref,100
back,label,77
back,mixed-citation,68
back,string-name,9
back,surname,99
back,given-names,99
back,article-title,99
back,source,100
back,year,100
back,volume,100
back,fpage,99
back,lpage,99
back,pub-id,100
back,collab,29
back,glossary,11
back,def-list,11
back,def-item,11
back,term,11
back,def,11
back,p,94
back,fn-group,43
back,fn,43
back,bold,40
back,ack,70
back,sec,42
back,ext-link,42
back,element-citation,47
back,person-group,76
back,name,90
back,issue,58
back,etal,75
back,publisher-name,34
back,notes,21
back,publisher-loc,22
back,italic,34
back,elocation-id,9
back,uri,3
back,edition,10
back,comment,26
back,month,4
back,page-range,4
back,xref,5
back,sup,7
back,inline-formula,2
back,tex-math,1
back,sub,4
back,suffix,29
back,app-group,6
back,app,5
back,supplementary-material,8
back,media,9
back,caption,9
back,part-title,3
back,date-in-citation,5
back,role,1
back,series,1
back,object-id,2
back,x,1
back,chapter-title,4
back,alternatives,1
back,inline-graphic,2
back,{http://www.w3.org/1998/Math/MathML}math,1
back,{http://www.w3.org/1998/Math/MathML}mi,1
back,conf-name,3
back,conf-date,3
back,conf-loc,2
back,day,3
back,supplement,1
back,underline,1
back,citation,2
back,fig,1
back,graphic,1
back,table-wrap,1
back,table,1
back,thead,1
back,tr,2
back,td,2
back,tbody,2
back,table-wrap-foot,1
back,array,1
back,funding-source,3
back,award-id,1
back,institution-wrap,1
back,institution-id,1
back,institution,1
boxed-text,boxed-text,1
boxed-text,caption,1
boxed-text,title,1
boxed-text,sec,1
boxed-text,list,1
boxed-text,list-item,1
boxed-text,p,1
processing-meta,processing-meta,21
processing-meta,restricted-by,21
floats-group,floats-group,16
floats-group,fig,16
floats-group,label,16
floats-group,caption,16
floats-group,p,16
floats-group,italic,12
floats-group,graphic,16
floats-group,bold,10
floats-group,sup,12
floats-group,xref,5
floats-group,table-wrap,11
floats-group,table,11
floats-group,tbody,11
floats-group,tr,11
floats-group,td,11
floats-group,thead,11
floats-group,th,11
floats-group,colgroup,2
floats-group,col,2
floats-group,hr,5
floats-group,table-wrap-foot,7
floats-group,fn,7
floats-group,title,2
floats-group,underline,1
floats-group,object-id,1
floats-group,sub,3
floats-group,sc,1
floats-group,break,1
p,p,9
p,xref,8
p,italic,3
p,boxed-text,1
p,sec,1
p,title,1
p,list,1
p,list-item,1
p,sup,6
p,bold,1
sub-article,sub-article,1
sub-article,front-stub,1
sub-article,article-id,1
sub-article,title-group,1
sub-article,article-title,1
sub-article,contrib-group,1
sub-article,contrib,1
sub-article,name,1
sub-article,surname,1
sub-article,given-names,1
sub-article,role,1
sub-article,permissions,1
sub-article,copyright-statement,1
sub-article,copyright-year,1
sub-article,copyright-holder,1
sub-article,license,1
sub-article,license-p,1
sub-article,ext-link,1
sub-article,related-article,1
sub-article,custom-meta-group,1
sub-article,custom-meta,1
sub-article,meta-name,1
sub-article,meta-value,1
sub-article,p,1
sub-article,named-content,1
sub-article,email,1
sub-article,list,1
sub-article,list-item,1
sub-article,bold,1
sub-article,supplementary-material,1
sub-article,label,1
sub-article,caption,1
sub-article,media,1
level,tag,count
front,front,100
front,journal-meta,100
front,journal-id,100
front,journal-title-group,98
front,journal-title,100
front,issn,99
front,publisher,98
front,publisher-name,98
front,publisher-loc,41
front,article-meta,100
front,article-id,100
front,article-categories,100
front,subj-group,100
front,subject,100
front,title-group,100
front,article-title,100
front,styled-content,1
front,alt-title,22
front,contrib-group,100
front,contrib,100
front,name,100
front,surname,100
front,given-names,100
front,xref,99
front,sup,52
front,contrib-id,34
front,address,23
front,email,94
front,aff,100
front,label,81
front,named-content,6
front,institution,48
front,country,22
front,author-notes,71
front,corresp,66
front,bold,47
front,break,2
front,pub-date,100
front,day,98
front,month,100
front,year,100
front,volume,98
front,issue,59
front,issue-id,2
front,fpage,44
front,lpage,44
front,history,88
front,date,88
front,permissions,100
front,copyright-statement,95
front,italic,43
front,license,98
front,license-p,96
front,ext-link,66
front,self-uri,28
front,abstract,99
front,title,65
front,p,99
front,kwd-group,67
front,kwd,67
front,counts,28
front,fig-count,22
front,table-count,22
front,page-count,28
front,word-count,11
front,custom-meta-group,37
front,custom-meta,37
front,meta-name,37
front,meta-value,37
front,notes,12
front,mixed-citation,2
front,string-name,2
front,source,2
front,pub-id,2
front,fn-group,2
front,fn,41
front,phone,8
front,elocation-id,56
front,sec,41
front,funding-group,36
front,award-group,28
front,funding-source,29
front,institution-wrap,29
front,institution-id,26
front,award-id,21
front,principal-award-recipient,9
front,addr-line,27
front,role,15
front,copyright-year,71
front,copyright-holder,46
front,funding-statement,14
front,series-title,1
front,{http://www.niso.org/schemas/ali/1.0/}license_ref,22
front,article-version,4
front,city,4
front,postal-code,2
front,support-group,1
front,equation-count,10
front,ref-count,12
front,degrees,10
front,{http://www.niso.org/schemas/ali/1.0/}free_to_read,1
front,article-version-alternatives,1
front,sub,6
front,uri,14
front,season,4
front,fax,1
front,graphic,4
front,list,3
front,list-item,3
front,def-list,1
front,def-item,1
front,term,1
front,def,1
front,supplement,1
front,suffix,2
front,sc,1
front,boxed-text,1
front,subtitle,1
front,fig,1
sec,sec,100
sec,label,85
sec,title,100
sec,p,100
sec,xref,100
sec,sub,53
sec,sup,79
sec,italic,92
sec,table-wrap,62
sec,caption,85
sec,table,57
sec,col,17
sec,thead,56
sec,tr,57
sec,th,47
sec,tbody,57
sec,td,57
sec,table-wrap-foot,46
sec,fn,23
sec,permissions,2
sec,copyright-holder,2
sec,fig,76
sec,styled-content,1
sec,graphic,78
sec,supplementary-material,35
sec,media,35
sec,bold,60
sec,ext-link,32
sec,underline,6
sec,object-id,11
sec,named-content,3
sec,break,13
sec,alternatives,14
sec,colgroup,14
sec,email,1
sec,disp-quote,2
sec,sc,5
sec,inline-formula,8
sec,{http://www.w3.org/1998/Math/MathML}math,15
sec,{http://www.w3.org/1998/Math/MathML}mi,13
sec,{http://www.w3.org/1998/Math/MathML}mo,15
sec,{http://www.w3.org/1998/Math/MathML}msup,6
sec,{http://www.w3.org/1998/Math/MathML}mrow,14
sec,{http://www.w3.org/1998/Math/MathML}mn,12
sec,{http://www.w3.org/1998/Math/MathML}msub,8
sec,inline-graphic,5
sec,{http://www.w3.org/1998/Math/MathML}msubsup,8
sec,{http://www.w3.org/1998/Math/MathML}mtext,9
sec,{http://www.w3.org/1998/Math/MathML}mfenced,5
sec,{http://www.w3.org/1998/Math/MathML}mspace,5
sec,{http://www.w3.org/1998/Math/MathML}munder,4
sec,disp-formula,14
sec,{http://www.w3.org/1998/Math/MathML}mtable,5
sec,{http://www.w3.org/1998/Math/MathML}mtr,5
sec,{http://www.w3.org/1998/Math/MathML}mtd,5
sec,{http://www.w3.org/1998/Math/MathML}mover,3
sec,{http://www.w3.org/1998/Math/MathML}mfrac,7
sec,{http://www.w3.org/1998/Math/MathML}munderover,2
sec,monospace,2
sec,list,13
sec,list-item,13
sec,uri,5
sec,tex-math,3
sec,attrib,1
sec,hr,7
sec,array,1
sec,alt-text,2
sec,{http://www.w3.org/1998/Math/MathML}msqrt,2
sec,{http://www.w3.org/1998/Math/MathML}mstyle,1
back,back,100
back,ref-list,100
back,title,94
back,ref,100
back,label,77
back,mixed-citation,68
back,string-name,9
back,surname,99
back,given-names,99
back,article-title,99
back,source,100
back,year,100
back,volume,100
back,fpage,99
back,lpage,99
back,pub-id,100
back,collab,29
back,glossary,11
back,def-list,11
back,def-item,11
back,term,11
back,def,11
back,p,94
back,fn-group,43
back,fn,43
back,bold,40
back,ack,70
back,sec,42
back,ext-link,42
back,element-citation,47
back,person-group,76
back,name,90
back,issue,58
back,etal,75
back,publisher-name,34
back,notes,21
back,publisher-loc,22
back,italic,34
back,elocation-id,9
back,uri,3
back,edition,10
back,comment,26
back,month,4
back,page-range,4
back,xref,5
back,sup,7
back,inline-formula,2
back,tex-math,1
back,sub,4
back,suffix,29
back,app-group,6
back,app,5
back,supplementary-material,8
back,media,9
back,caption,9
back,part-title,3
back,date-in-citation,5
back,role,1
back,series,1
back,object-id,2
back,x,1
back,chapter-title,4
back,alternatives,1
back,inline-graphic,2
back,{http://www.w3.org/1998/Math/MathML}math,1
back,{http://www.w3.org/1998/Math/MathML}mi,1
back,conf-name,3
back,conf-date,3
back,conf-loc,2
back,day,3
back,supplement,1
back,underline,1
back,citation,2
back,fig,1
back,graphic,1
back,table-wrap,1
back,table,1
back,thead,1
back,tr,2
back,td,2
back,tbody,2
back,table-wrap-foot,1
back,array,1
back,funding-source,3
back,award-id,1
back,institution-wrap,1
back,institution-id,1
back,institution,1
boxed-text,boxed-text,1
boxed-text,caption,1
boxed-text,title,1
boxed-text,sec,1
boxed-text,list,1
boxed-text,list-item,1
boxed-text,p,1
processing-meta,processing-meta,21
processing-meta,restricted-by,21
floats-group,floats-group,16
floats-group,fig,16
floats-group,label,16
floats-group,caption,16
floats-group,p,16
floats-group,italic,12
floats-group,graphic,16
floats-group,bold,10
floats-group,sup,12
floats-group,xref,5
floats-group,table-wrap,11
floats-group,table,11
floats-group,tbody,11
floats-group,tr,11
floats-group,td,11
floats-group,thead,11
floats-group,th,11
floats-group,colgroup,2
floats-group,col,2
floats-group,hr,5
floats-group,table-wrap-foot,7
floats-group,fn,7
floats-group,title,2
floats-group,underline,1
floats-group,object-id,1
floats-group,sub,3
floats-group,sc,1
floats-group,break,1
p,p,9
p,xref,8
p,italic,3
p,boxed-text,1
p,sec,1
p,title,1
p,list,1
p,list-item,1
p,sup,6
p,bold,1
sub-article,sub-article,1
sub-article,front-stub,1
sub-article,article-id,1
sub-article,title-group,1
sub-article,article-title,1
sub-article,contrib-group,1
sub-article,contrib,1
sub-article,name,1
sub-article,surname,1
sub-article,given-names,1
sub-article,role,1
sub-article,permissions,1
sub-article,copyright-statement,1
sub-article,copyright-year,1
sub-article,copyright-holder,1
sub-article,license,1
sub-article,license-p,1
sub-article,ext-link,1
sub-article,related-article,1
sub-article,custom-meta-group,1
sub-article,custom-meta,1
sub-article,meta-name,1
sub-article,meta-value,1
sub-article,p,1
sub-article,named-content,1
sub-article,email,1
sub-article,list,1
sub-article,list-item,1
sub-article,bold,1
sub-article,supplementary-material,1
sub-article,label,1
sub-article,caption,1
sub-article,media,1
level,tag,count
front,front,419041
front,journal-meta,419041
front,journal-id,418882
front,journal-title-group,412030
front,journal-title,419041
front,issn,418223
front,publisher,413103
front,publisher-name,413103
front,publisher-loc,184951
front,article-meta,419041
front,article-id,419041
front,article-categories,419041
front,subj-group,419041
front,subject,419041
front,title-group,419041
front,article-title,419041
front,contrib-group,418971
front,contrib,418970
front,name,418930
front,surname,418930
front,given-names,418929
front,xref,412847
front,address,101890
front,email,405974
front,aff,418406
front,label,328185
front,institution-wrap,107502
front,institution-id,102518
front,institution,189769
front,pub-date,419041
front,day,415135
front,month,417273
front,year,419041
front,volume,416609
front,elocation-id,256057
front,history,389942
front,date,391297
front,permissions,417795
front,copyright-statement,404528
front,license,414513
front,{http://www.niso.org/schemas/ali/1.0/}license_ref,123778
front,license-p,407861
front,bold,167494
front,ext-link,284527
front,abstract,416987
front,sec,164632
front,title,253961
front,p,417381
front,kwd-group,303369
front,kwd,303339
front,funding-group,151748
front,award-group,124952
front,funding-source,125621
front,award-id,95918
front,principal-award-recipient,44421
front,custom-meta-group,147391
front,custom-meta,147741
front,meta-name,147741
front,meta-value,147741
front,italic,199307
front,contrib-id,155178
front,author-notes,313992
front,corresp,300686
front,issue,254192
front,copyright-year,301181
front,sup,180440
front,addr-line,103350
front,country,99657
front,season,12581
front,fpage,163037
front,lpage,163030
front,underline,1369
front,sub,29547
front,alt-title,86974
front,role,74930
front,fn,162749
front,copyright-holder,135366
front,self-uri,103550
front,funding-statement,53648
front,counts,120609
front,fig-count,86292
front,table-count,84827
front,page-count,119919
front,notes,47544
front,named-content,33510
front,break,16506
front,issue-id,19463
front,issue-title,1933
front,styled-content,5085
front,word-count,49473
front,mixed-citation,13434
front,string-name,11597
front,source,13395
front,fn-group,11776
front,uri,40387
front,equation-count,33805
front,ref-count,44602
front,article-version-alternatives,505
front,article-version,3530
front,graphic,16632
front,city,17671
front,phone,25469
front,fax,7246
front,subtitle,2928
front,degrees,20996
front,pub-id,11641
front,list,12091
front,list-item,12091
front,fig,7051
front,on-behalf-of,1181
front,boxed-text,5161
front,caption,728
front,open-access,2462
front,sc,3448
front,inline-graphic,2067
front,table-wrap,314
front,table,314
front,tbody,315
front,tr,315
front,td,315
front,media,403
front,postal-code,2614
front,pub-history,1869
front,event,1869
front,event-desc,1869
front,alternatives,769
front,support-group,1867
front,series-title,2916
front,{http://www.niso.org/schemas/ali/1.0/}free_to_read,3437
front,related-article,1952
front,trans-title-group,1648
front,trans-title,1648
front,trans-abstract,2204
front,collab,5187
front,issue-sponsor,675
front,inline-formula,1483
front,tex-math,388
front,{http://www.w3.org/1998/Math/MathML}math,1402
front,{http://www.w3.org/1998/Math/MathML}mrow,1142
front,{http://www.w3.org/1998/Math/MathML}mn,941
front,{http://www.w3.org/1998/Math/MathML}mo,1037
front,conference,2247
front,conf-name,2242
front,conf-loc,2224
front,conf-date,2239
front,compound-subject,773
front,compound-subject-part,773
front,{http://www.w3.org/1998/Math/MathML}mi,975
front,count,861
front,state,2262
front,author-comment,453
front,prefix,167
front,issn-l,630
front,{http://www.w3.org/1998/Math/MathML}msubsup,137
front,{http://www.w3.org/1998/Math/MathML}msup,258
front,suffix,3464
front,def-list,466
front,def-item,466
front,term,466
front,def,467
front,string-date,521
front,target,116
front,{http://www.w3.org/1998/Math/MathML}mfenced,26
front,alt-text,1907
front,monospace,142
front,supplement,1678
front,custom-meta-wrap,350
front,grant-sponsor,26
front,name-alternatives,171
front,statement,66
front,product,6
front,string-conf,125
front,bio,432
front,x,369
front,{http://www.w3.org/1998/Math/MathML}mtext,365
front,{http://www.w3.org/1998/Math/MathML}mspace,107
front,supplementary-material,117
front,journal-subtitle,151
front,isbn,203
front,conf-acronym,317
front,compound-kwd,99
front,compound-kwd-part,99
front,{http://www.w3.org/1998/Math/MathML}msub,438
front,{http://www.w3.org/1998/Math/MathML}mover,200
front,nested-kwd,17
front,volume-series,5
front,object-id,3
front,related-object,93
front,grant-num,15
front,{http://www.w3.org/1998/Math/MathML}mfrac,23
front,person-group,13
front,trans-subtitle,17
front,aff-alternatives,17
front,strike,24
front,sans-serif,11
front,page-range,37
front,disp-formula,24
front,price,24
front,overline,3
front,inline-supplementary-material,5
front,anonymous,5
front,roman,6
front,{http://www.w3.org/1998/Math/MathML}mstyle,7
front,disp-quote,8
front,issue-part,7
front,private-char,3
front,glyph-data,3
front,{http://www.w3.org/2000/svg}svg,3
front,{http://www.w3.org/2000/svg}metadata,3
front,{http://www.w3.org/2000/svg}g,3
front,{http://www.w3.org/2000/svg}path,3
front,glyph-ref,3
front,abbrev,13
front,code,5
front,contract-num,7
front,contract-sponsor,8
front,element-citation,9
front,array,1
front,{http://www.w3.org/1998/Math/MathML}msqrt,9
front,chem-struct,7
front,col,1
front,etal,1
front,comment,2
front,{http://www.w3.org/1998/Math/MathML}mtable,2
front,{http://www.w3.org/1998/Math/MathML}mtr,2
front,{http://www.w3.org/1998/Math/MathML}mtd,2
front,glossary,4
front,{http://www.w3.org/1998/Math/MathML}semantics,1
front,thead,5
front,th,3
front,abbrev-journal-title,4
front,{http://www.w3.org/1998/Math/MathML}mmultiscripts,2
front,{http://www.w3.org/1998/Math/MathML}mprescripts,2
front,{http://www.w3.org/1998/Math/MathML}none,2
front,collab-alternatives,3
front,{http://www.w3.org/1998/Math/MathML}munder,3
front,hr,3
front,ack,1
front,series-text,2
sec,sec,419023
sec,title,419023
sec,p,419023
sec,xref,417825
sec,sub,224764
sec,ext-link,133161
sec,italic,389603
sec,fig,285033
sec,label,331663
sec,caption,321985
sec,graphic,291105
sec,bold,232778
sec,sup,337104
sec,table-wrap,234619
sec,table,226228
sec,thead,220170
sec,tr,226792
sec,th,191240
sec,tbody,226475
sec,td,226783
sec,table-wrap-foot,172585
sec,list,55366
sec,list-item,55366
sec,underline,17925
sec,fn,100039
sec,attrib,5824
sec,supplementary-material,142644
sec,media,140897
sec,object-id,51666
sec,alternatives,56685
sec,colgroup,55344
sec,col,79828
sec,break,40518
sec,permissions,10322
sec,copyright-holder,10231
sec,styled-content,5301
sec,uri,20666
sec,disp-formula,55733
sec,inline-formula,35073
sec,tex-math,16112
sec,{http://www.w3.org/1998/Math/MathML}math,54882
sec,{http://www.w3.org/1998/Math/MathML}mover,12841
sec,{http://www.w3.org/1998/Math/MathML}mi,51612
sec,{http://www.w3.org/1998/Math/MathML}mo,53244
sec,inline-graphic,18659
sec,disp-quote,9892
sec,sc,23827
sec,alt-text,11267
sec,named-content,7074
sec,hr,34339
sec,funding-source,4386
sec,award-id,1059
sec,{http://www.w3.org/1998/Math/MathML}mrow,52962
sec,{http://www.w3.org/1998/Math/MathML}mn,47964
sec,{http://www.w3.org/1998/Math/MathML}mfrac,35992
sec,{http://www.w3.org/1998/Math/MathML}msubsup,20599
sec,{http://www.w3.org/1998/Math/MathML}msub,39686
sec,{http://www.w3.org/1998/Math/MathML}mspace,17647
sec,{http://www.w3.org/1998/Math/MathML}mfenced,16628
sec,{http://www.w3.org/1998/Math/MathML}msup,28576
sec,{http://www.w3.org/1998/Math/MathML}mtext,25310
sec,{http://www.w3.org/1998/Math/MathML}munderover,12593
sec,{http://www.w3.org/1998/Math/MathML}msqrt,9855
sec,fig-group,134
sec,inline-supplementary-material,3710
sec,institution-wrap,1344
sec,institution-id,1338
sec,institution,1344
sec,{http://www.w3.org/1998/Math/MathML}mtable,16350
sec,{http://www.w3.org/1998/Math/MathML}mtr,16330
sec,{http://www.w3.org/1998/Math/MathML}mtd,16351
sec,statement,1728
sec,monospace,3494
sec,{http://www.w3.org/1998/Math/MathML}mstyle,12429
sec,{http://www.w3.org/1998/Math/MathML}munder,7623
sec,boxed-text,5227
sec,tfoot,258
sec,preformat,123
sec,email,1853
sec,abstract,38
sec,{http://www.w3.org/1998/Math/MathML}malignmark,531
sec,{http://www.w3.org/1998/Math/MathML}maligngroup,608
sec,def-list,1370
sec,def-item,1370
sec,term,1370
sec,def,1374
sec,copyright-statement,534
sec,copyright-year,531
sec,{http://www.niso.org/schemas/ali/1.0/}free_to_read,153
sec,license,661
sec,{http://www.niso.org/schemas/ali/1.0/}license_ref,161
sec,license-p,661
sec,private-char,294
sec,glyph-data,290
sec,{http://www.w3.org/2000/svg}svg,290
sec,{http://www.w3.org/2000/svg}metadata,290
sec,{http://www.w3.org/2000/svg}g,290
sec,{http://www.w3.org/2000/svg}path,290
sec,glyph-ref,192
sec,disp-formula-group,459
sec,ref-list,100
sec,ref,99
sec,element-citation,88
sec,person-group,94
sec,name,94
sec,surname,100
sec,given-names,101
sec,etal,62
sec,article-title,90
sec,source,102
sec,year,100
sec,volume,93
sec,fpage,94
sec,lpage,86
sec,pub-id,88
sec,comment,28
sec,month,4
sec,array,586
sec,{http://www.w3.org/1998/Math/MathML}mroot,366
sec,{http://www.w3.org/1998/Math/MathML}mpadded,778
sec,speech,98
sec,speaker,98
sec,roman,78
sec,long-desc,84
sec,chem-struct-wrap,7
sec,chem-struct,44
sec,grant-sponsor,36
sec,grant-num,21
sec,issue,81
sec,{http://www.w3.org/1998/Math/MathML}mmultiscripts,398
sec,{http://www.w3.org/1998/Math/MathML}mprescripts,366
sec,{http://www.w3.org/1998/Math/MathML}none,358
sec,overline,91
sec,fn-group,208
sec,{http://www.w3.org/1998/Math/MathML}semantics,468
sec,{http://www.w3.org/1998/Math/MathML}annotation,221
sec,strike,508
sec,{http://www.w3.org/1998/Math/MathML}mlabeledtr,37
sec,code,25
sec,table-wrap-group,130
sec,{http://www.w3.org/1998/Math/MathML}menclose,49
sec,sans-serif,92
sec,notes,56
sec,collab,26
sec,related-article,24
sec,x,265
sec,target,7
sec,date-in-citation,8
sec,publisher-loc,22
sec,publisher-name,27
sec,term-head,27
sec,def-head,25
sec,{http://www.w3.org/1998/Math/MathML}mphantom,54
sec,related-object,12
sec,mixed-citation,25
sec,milestone-start,12
sec,milestone-end,12
sec,suffix,12
sec,abbrev,28
sec,verse-group,4
sec,verse-line,4
sec,chapter-title,2
sec,edition,9
sec,block-alternatives,5
sec,conf-name,3
sec,{http://www.w3.org/1998/Math/MathML}merror,5
sec,string-name,7
sec,elocation-id,3
sec,ack,1
sec,sec-meta,16
sec,kwd-group,13
sec,kwd,13
sec,day,3
sec,glossary,2
sec,textual-form,1
sec,conf-date,2
sec,conf-loc,2
sec,{http://www.w3.org/1998/Math/MathML}maction,1
sec,note,1
sec,contrib-group,3
sec,contrib,3
sec,aff,3
sec,degrees,1
sec,part-title,1
back,back,418287
back,glossary,56203
back,title,398873
back,def-list,53046
back,def-item,53046
back,term,53046
back,def,53040
back,p,388671
back,fn-group,204047
back,fn,204955
back,bold,171347
back,ack,298488
back,notes,115769
back,ext-link,174392
back,ref-list,418061
back,ref,418060
back,label,348173
back,element-citation,238574
back,person-group,328356
back,name,375705
back,surname,413321
back,given-names,413292
back,article-title,414777
back,source,417378
back,year,417445
back,volume,417106
back,fpage,416529
back,lpage,412238
back,pub-id,416690
back,app-group,36127
back,app,35238
back,sec,165553
back,media,69010
back,caption,70161
back,italic,165259
back,etal,301192
back,issue,201980
back,mixed-citation,242380
back,publisher-loc,136001
back,publisher-name,161871
back,suffix,87045
back,collab,132095
back,edition,44827
back,comment,108857
back,string-name,39648
back,supplementary-material,62557
back,page-range,7498
back,elocation-id,65630
back,uri,32449
back,date-in-citation,28305
back,list,5634
back,list-item,5634
back,data-title,1308
back,sup,41720
back,object-id,11652
back,part-title,8547
back,alt-text,4482
back,std,160
back,sub,23109
back,xref,31333
back,boxed-text,842
back,citation,6968
back,series,3648
back,funding-source,13075
back,institution-wrap,5720
back,institution-id,5673
back,institution,6309
back,chapter-title,21171
back,conf-name,7425
back,sc,3303
back,patent,1136
back,season,1235
back,conf-loc,12111
back,array,4902
back,tbody,10709
back,tr,10721
back,td,10720
back,related-article,218
back,conf-date,11718
back,bio,2407
back,supplement,1626
back,month,17314
back,day,14145
back,size,1355
back,award-id,2857
back,inline-graphic,3706
back,isbn,3780
back,named-content,621
back,role,3209
back,inline-supplementary-material,205
back,graphic,6553
back,trans-title,384
back,fig,5560
back,table-wrap,6489
back,table,6101
back,thead,5623
back,th,4910
back,break,1666
back,table-wrap-foot,3341
back,inline-formula,1729
back,{http://www.w3.org/1998/Math/MathML}math,1893
back,{http://www.w3.org/1998/Math/MathML}msubsup,636
back,{http://www.w3.org/1998/Math/MathML}mrow,1665
back,{http://www.w3.org/1998/Math/MathML}mi,1691
back,{http://www.w3.org/1998/Math/MathML}mn,1349
back,note,600
back,email,1791
back,alternatives,730
back,conf-sponsor,247
back,underline,1452
back,colgroup,323
back,col,593
back,tex-math,552
back,{http://www.w3.org/1998/Math/MathML}mtext,606
back,{http://www.w3.org/1998/Math/MathML}mspace,375
back,{http://www.w3.org/1998/Math/MathML}mo,1475
back,{http://www.w3.org/1998/Math/MathML}msup,829
back,aff,124
back,disp-formula,820
back,{http://www.w3.org/1998/Math/MathML}msub,1188
back,{http://www.w3.org/1998/Math/MathML}mover,517
back,{http://www.w3.org/1998/Math/MathML}mfrac,710
back,issue-part,845
back,issue-id,278
back,monospace,120
back,{http://www.w3.org/1998/Math/MathML}mstyle,327
back,version,388
back,x,1062
back,gov,282
back,prefix,570
back,{http://www.w3.org/1998/Math/MathML}mtable,418
back,{http://www.w3.org/1998/Math/MathML}mtr,418
back,{http://www.w3.org/1998/Math/MathML}mtd,418
back,{http://www.w3.org/1998/Math/MathML}mfenced,373
back,disp-quote,45
back,attrib,35
back,city,30
back,issn,400
back,hr,721
back,{http://www.w3.org/1998/Math/MathML}mmultiscripts,11
back,{http://www.w3.org/1998/Math/MathML}none,11
back,{http://www.w3.org/1998/Math/MathML}mprescripts,9
back,citation-alternatives,166
back,trans-source,164
back,{http://www.w3.org/1998/Math/MathML}munder,176
back,roman,25
back,anonymous,75
back,related-object,214
back,{http://www.w3.org/1998/Math/MathML}munderover,241
back,styled-content,118
back,permissions,70
back,copyright-holder,63
back,access-date,18
back,{http://www.w3.org/1998/Math/MathML}msqrt,209
back,issue-title,77
back,date,50
back,{http://www.w3.org/1998/Math/MathML}mphantom,6
back,state,16
back,license,8
back,license-p,8
back,sans-serif,10
back,annotation,30
back,preformat,13
back,abbrev,15
back,statement,42
back,{http://www.w3.org/1998/Math/MathML}mpadded,23
back,chem-struct,3
back,disp-formula-group,18
back,country,53
back,strike,9
back,verse-group,1
back,verse-line,1
back,copyright-statement,1
back,copyright-year,1
back,def-head,10
back,term-head,7
back,{http://www.w3.org/1998/Math/MathML}maligngroup,11
back,{http://www.w3.org/1998/Math/MathML}malignmark,9
back,table-wrap-group,5
back,grant-sponsor,3
back,grant-num,3
back,overline,5
back,gloss-group,5
back,nlm-citation,8
back,{http://www.w3.org/1998/Math/MathML}mroot,5
back,std-organization,3
back,tfoot,3
back,code,4
back,{http://www.w3.org/1998/Math/MathML}mlabeledtr,4
back,degrees,1
back,on-behalf-of,2
back,private-char,2
back,glyph-data,1
back,{http://www.w3.org/2000/svg}svg,1
back,{http://www.w3.org/2000/svg}metadata,1
back,{http://www.w3.org/2000/svg}g,1
back,{http://www.w3.org/2000/svg}path,1
back,glyph-ref,2
back,string-date,1
back,{http://www.w3.org/1998/Math/MathML}semantics,6
back,{http://www.w3.org/1998/Math/MathML}annotation,6
back,page-count,1
back,{http://www.w3.org/1998/Math/MathML}menclose,1
back,volume-id,1
floats-group,floats-group,101918
floats-group,fig,94771
floats-group,label,101900
floats-group,caption,101892
floats-group,p,101248
floats-group,bold,59451
floats-group,sup,57074
floats-group,italic,76880
floats-group,graphic,95204
floats-group,table-wrap,74195
floats-group,object-id,33583
floats-group,table,72158
floats-group,thead,71363
floats-group,tr,72159
floats-group,th,71099
floats-group,tbody,72143
floats-group,td,72159
floats-group,table-wrap-foot,51157
floats-group,fn,50828
floats-group,hr,13718
floats-group,title,14900
floats-group,colgroup,7127
floats-group,col,7730
floats-group,xref,38837
floats-group,sub,24557
floats-group,break,22639
floats-group,ext-link,2103
floats-group,list,1887
floats-group,list-item,1887
floats-group,inline-graphic,1456
floats-group,alt-text,657
floats-group,underline,1099
floats-group,inline-formula,3511
floats-group,{http://www.w3.org/1998/Math/MathML}math,3227
floats-group,{http://www.w3.org/1998/Math/MathML}mrow,3148
floats-group,{http://www.w3.org/1998/Math/MathML}mstyle,981
floats-group,{http://www.w3.org/1998/Math/MathML}msup,1070
floats-group,{http://www.w3.org/1998/Math/MathML}mi,2872
floats-group,{http://www.w3.org/1998/Math/MathML}mn,2087
floats-group,{http://www.w3.org/1998/Math/MathML}mo,2644
floats-group,named-content,293
floats-group,uri,1653
floats-group,{http://www.w3.org/1998/Math/MathML}mtext,381
floats-group,{http://www.w3.org/1998/Math/MathML}mfrac,421
floats-group,{http://www.w3.org/1998/Math/MathML}mover,685
floats-group,{http://www.w3.org/1998/Math/MathML}msubsup,511
floats-group,{http://www.w3.org/1998/Math/MathML}msub,1723
floats-group,boxed-text,677
floats-group,array,5
floats-group,sc,1324
floats-group,{http://www.w3.org/1998/Math/MathML}munderover,72
floats-group,styled-content,351
floats-group,alternatives,830
floats-group,{http://www.w3.org/1998/Math/MathML}mspace,179
floats-group,{http://www.w3.org/1998/Math/MathML}msqrt,145
floats-group,table-wrap-group,303
floats-group,{http://www.w3.org/1998/Math/MathML}mmultiscripts,7
floats-group,{http://www.w3.org/1998/Math/MathML}none,7
floats-group,{http://www.w3.org/1998/Math/MathML}mprescripts,6
floats-group,tfoot,86
floats-group,{http://www.w3.org/1998/Math/MathML}mfenced,197
floats-group,sec,126
floats-group,{http://www.w3.org/1998/Math/MathML}mtable,82
floats-group,{http://www.w3.org/1998/Math/MathML}mtr,81
floats-group,{http://www.w3.org/1998/Math/MathML}mtd,82
floats-group,monospace,129
floats-group,email,26
floats-group,media,23
floats-group,fig-group,51
floats-group,{http://www.w3.org/1998/Math/MathML}munder,35
floats-group,overline,7
floats-group,tex-math,6
floats-group,disp-quote,5
floats-group,attrib,33
floats-group,disp-formula,27
floats-group,sans-serif,4
floats-group,preformat,1
floats-group,notes,3
floats-group,chem-struct,4
floats-group,long-desc,1
floats-group,{http://www.w3.org/1998/Math/MathML}mroot,8
floats-group,{http://www.w3.org/1998/Math/MathML}semantics,2
floats-group,strike,6
floats-group,code,1
floats-group,{http://www.w3.org/1998/Math/MathML}mlabeledtr,1
floats-group,{http://www.w3.org/1998/Math/MathML}menclose,2
floats-group,{http://www.w3.org/1998/Math/MathML}maligngroup,1
floats-group,{http://www.w3.org/1998/Math/MathML}malignmark,1
floats-group,def-list,1
floats-group,def-item,1
floats-group,term,1
floats-group,def,1
floats-group,inline-supplementary-material,2
def-list,def-list,2906
def-list,title,2904
def-list,def-item,2906
def-list,term,2906
def-list,def,2905
def-list,p,2905
def-list,sub,287
def-list,italic,365
def-list,sc,55
def-list,sup,146
def-list,styled-content,4
def-list,named-content,1
def-list,{http://www.w3.org/1998/Math/MathML}math,6
def-list,{http://www.w3.org/1998/Math/MathML}msub,5
def-list,{http://www.w3.org/1998/Math/MathML}mi,6
def-list,{http://www.w3.org/1998/Math/MathML}mrow,3
def-list,{http://www.w3.org/1998/Math/MathML}mn,4
def-list,{http://www.w3.org/1998/Math/MathML}mover,3
def-list,{http://www.w3.org/1998/Math/MathML}mo,4
def-list,term-head,1
def-list,bold,4
def-list,underline,1
def-list,{http://www.w3.org/1998/Math/MathML}msup,1
def-list,{http://www.w3.org/1998/Math/MathML}msubsup,1
def-list,{http://www.w3.org/1998/Math/MathML}mtext,1
processing-meta,processing-meta,97388
processing-meta,restricted-by,97388
p,p,32027
p,xref,26877
p,sup,10312
p,italic,15558
p,ext-link,1394
p,boxed-text,3576
p,sec,1902
p,title,3347
p,list,2397
p,list-item,2397
p,sub,3162
p,bold,2846
p,caption,2714
p,table-wrap,751
p,table,751
p,tbody,753
p,tr,753
p,td,753
p,label,978
p,break,189
p,fig,368
p,graphic,415
p,inline-formula,123
p,inline-graphic,128
p,thead,199
p,th,197
p,notes,750
p,tex-math,13
p,alt-text,270
p,sc,507
p,underline,200
p,{http://www.w3.org/1998/Math/MathML}math,107
p,{http://www.w3.org/1998/Math/MathML}mi,90
p,related-article,144
p,alternatives,22
p,col,21
p,table-wrap-foot,47
p,fn,44
p,hr,20
p,named-content,14
p,disp-quote,136
p,disp-formula,60
p,uri,34
p,inline-supplementary-material,5
p,object-id,10
p,media,2
p,{http://www.w3.org/1998/Math/MathML}msub,48
p,{http://www.w3.org/1998/Math/MathML}mrow,85
p,{http://www.w3.org/1998/Math/MathML}mo,85
p,{http://www.w3.org/1998/Math/MathML}mover,7
p,{http://www.w3.org/1998/Math/MathML}msup,34
p,def-list,28
p,def-item,28
p,term,28
p,def,28
p,{http://www.w3.org/1998/Math/MathML}mn,70
p,{http://www.w3.org/1998/Math/MathML}msubsup,15
p,styled-content,16
p,attrib,34
p,funding-source,3
p,{http://www.w3.org/1998/Math/MathML}mspace,8
p,statement,2
p,colgroup,15
p,{http://www.w3.org/1998/Math/MathML}mfenced,5
p,{http://www.w3.org/1998/Math/MathML}mfrac,18
p,array,2
p,{http://www.w3.org/1998/Math/MathML}mtext,27
p,strike,2
p,{http://www.w3.org/1998/Math/MathML}msqrt,3
p,{http://www.w3.org/1998/Math/MathML}mpadded,1
p,{http://www.w3.org/1998/Math/MathML}munder,4
p,{http://www.w3.org/1998/Math/MathML}mstyle,3
p,{http://www.w3.org/1998/Math/MathML}mtable,3
p,{http://www.w3.org/1998/Math/MathML}mtr,3
p,{http://www.w3.org/1998/Math/MathML}mtd,3
p,sans-serif,1
p,institution-wrap,2
p,institution-id,2
p,institution,2
p,{http://www.w3.org/1998/Math/MathML}munderover,3
p,{http://www.w3.org/1998/Math/MathML}mmultiscripts,2
p,{http://www.w3.org/1998/Math/MathML}none,2
p,supplementary-material,1
p,email,1
p,permissions,1
p,copyright-holder,1
p,monospace,1
p,{http://www.w3.org/1998/Math/MathML}mprescripts,1
fig,fig,1133
fig,label,886
fig,caption,870
fig,p,854
fig,xref,207
fig,sup,120
fig,graphic,1131
fig,italic,331
fig,alternatives,199
fig,media,202
fig,sub,96
fig,title,83
fig,ext-link,73
fig,object-id,8
fig,styled-content,18
fig,bold,132
fig,inline-formula,20
fig,{http://www.w3.org/1998/Math/MathML}math,20
fig,{http://www.w3.org/1998/Math/MathML}msub,8
fig,{http://www.w3.org/1998/Math/MathML}mrow,16
fig,{http://www.w3.org/1998/Math/MathML}mi,19
fig,{http://www.w3.org/1998/Math/MathML}mn,9
fig,permissions,5
fig,copyright-holder,4
fig,{http://www.w3.org/1998/Math/MathML}mo,10
fig,{http://www.w3.org/1998/Math/MathML}mover,4
fig,sc,17
fig,attrib,3
fig,license,1
fig,license-p,1
fig,{http://www.w3.org/1998/Math/MathML}msubsup,2
fig,{http://www.w3.org/1998/Math/MathML}mtext,3
fig,uri,1
fig,{http://www.w3.org/1998/Math/MathML}msup,5
fig,long-desc,1
fig,x,5
fig,underline,2
fig,alt-text,1
boxed-text,boxed-text,5185
boxed-text,caption,4250
boxed-text,title,4904
boxed-text,list,4382
boxed-text,list-item,4382
boxed-text,p,5185
boxed-text,sec,1754
boxed-text,italic,422
boxed-text,bold,263
boxed-text,label,124
boxed-text,sup,92
boxed-text,table-wrap,10
boxed-text,table,10
boxed-text,colgroup,7
boxed-text,col,9
boxed-text,tbody,10
boxed-text,tr,10
boxed-text,td,10
boxed-text,ext-link,19
boxed-text,sub,85
boxed-text,xref,24
boxed-text,ref-list,1
boxed-text,ref,1
boxed-text,element-citation,1
boxed-text,person-group,1
boxed-text,name,1
boxed-text,surname,1
boxed-text,given-names,1
boxed-text,etal,1
boxed-text,article-title,1
boxed-text,source,1
boxed-text,volume,1
boxed-text,fpage,1
boxed-text,lpage,1
boxed-text,year,1
boxed-text,pub-id,1
boxed-text,styled-content,4
boxed-text,sc,2
boxed-text,underline,4
boxed-text,inline-graphic,2
boxed-text,def-list,2
boxed-text,def-item,2
boxed-text,term,2
boxed-text,def,2
boxed-text,thead,3
boxed-text,th,2
boxed-text,table-wrap-foot,3
boxed-text,fn,4
boxed-text,fn-group,1
boxed-text,named-content,1
boxed-text,object-id,1
boxed-text,alternatives,1
boxed-text,graphic,2
boxed-text,fig,1
boxed-text,media,1
boxed-text,speech,1
boxed-text,speaker,1
sub-article,sub-article,5324
sub-article,front-stub,5319
sub-article,title-group,5324
sub-article,article-title,5324
sub-article,abstract,198
sub-article,title,803
sub-article,p,5248
sub-article,bold,4436
sub-article,italic,2418
sub-article,sup,1048
sub-article,kwd-group,197
sub-article,kwd,197
sub-article,sec,363
sub-article,xref,1477
sub-article,fig,606
sub-article,label,4067
sub-article,caption,3388
sub-article,graphic,537
sub-article,table-wrap,254
sub-article,table,242
sub-article,colgroup,160
sub-article,col,174
sub-article,thead,219
sub-article,tr,242
sub-article,th,219
sub-article,tbody,242
sub-article,td,242
sub-article,article-id,5024
sub-article,contrib-group,5176
sub-article,contrib,5176
sub-article,name,5176
sub-article,surname,5176
sub-article,given-names,5176
sub-article,role,5015
sub-article,permissions,3415
sub-article,copyright-statement,3404
sub-article,copyright-year,3404
sub-article,copyright-holder,3073
sub-article,license,3415
sub-article,license-p,3415
sub-article,ext-link,3813
sub-article,related-article,3618
sub-article,custom-meta-group,3620
sub-article,custom-meta,3620
sub-article,meta-name,3620
sub-article,meta-value,3620
sub-article,named-content,3080
sub-article,underline,648
sub-article,email,3144
sub-article,supplementary-material,2900
sub-article,media,2977
sub-article,{http://www.niso.org/schemas/ali/1.0/}license_ref,1891
sub-article,list,2872
sub-article,list-item,2872
sub-article,aff,2110
sub-article,institution,1486
sub-article,country,1468
sub-article,boxed-text,1571
sub-article,disp-quote,1051
sub-article,contrib-id,475
sub-article,author-notes,704
sub-article,fn,741
sub-article,pub-date,557
sub-article,day,558
sub-article,month,559
sub-article,year,563
sub-article,back,322
sub-article,ref-list,200
sub-article,ref,200
sub-article,mixed-citation,194
sub-article,source,195
sub-article,volume,185
sub-article,issue,172
sub-article,elocation-id,183
sub-article,fpage,182
sub-article,lpage,162
sub-article,pub-id,188
sub-article,person-group,69
sub-article,sub,458
sub-article,institution-wrap,176
sub-article,institution-id,176
sub-article,article-categories,161
sub-article,subj-group,161
sub-article,subject,161
sub-article,corresp,146
sub-article,table-wrap-foot,156
sub-article,hr,35
sub-article,inline-formula,58
sub-article,{http://www.w3.org/1998/Math/MathML}math,68
sub-article,{http://www.w3.org/1998/Math/MathML}mrow,60
sub-article,{http://www.w3.org/1998/Math/MathML}msub,40
sub-article,{http://www.w3.org/1998/Math/MathML}mtext,38
sub-article,{http://www.w3.org/1998/Math/MathML}mi,60
sub-article,{http://www.w3.org/1998/Math/MathML}mo,61
sub-article,{http://www.w3.org/1998/Math/MathML}mspace,16
sub-article,{http://www.w3.org/1998/Math/MathML}mn,44
sub-article,disp-formula,26
sub-article,{http://www.w3.org/1998/Math/MathML}mstyle,33
sub-article,{http://www.w3.org/1998/Math/MathML}msubsup,11
sub-article,{http://www.w3.org/1998/Math/MathML}mfrac,29
sub-article,{http://www.w3.org/1998/Math/MathML}msup,29
sub-article,object-id,125
sub-article,ack,39
sub-article,fn-group,103
sub-article,app-group,8
sub-article,app,8
sub-article,suffix,19
sub-article,break,41
sub-article,{http://www.w3.org/1998/Math/MathML}munder,5
sub-article,addr-line,24
sub-article,postal-code,16
sub-article,phone,10
sub-article,funding-group,6
sub-article,award-group,6
sub-article,funding-source,6
sub-article,award-id,6
sub-article,string-name,4
sub-article,{http://www.w3.org/1998/Math/MathML}mover,11
sub-article,{http://www.w3.org/1998/Math/MathML}msqrt,4
sub-article,monospace,2
sub-article,season,2
sub-article,history,4
sub-article,date,4
sub-article,attrib,19
sub-article,element-citation,6
sub-article,publisher-loc,3
sub-article,publisher-name,4
sub-article,comment,3
sub-article,front,5
sub-article,journal-meta,5
sub-article,journal-id,5
sub-article,journal-title-group,5
sub-article,journal-title,5
sub-article,issn,5
sub-article,publisher,2
sub-article,article-meta,5
sub-article,sc,2
sub-article,degrees,2
sub-article,on-behalf-of,1
sub-article,inline-graphic,5
sub-article,uri,6
sub-article,{http://www.w3.org/1998/Math/MathML}munderover,10
sub-article,sig-block,2
sub-article,sig,2
sub-article,{http://www.w3.org/1998/Math/MathML}mfenced,7
sub-article,address,1
sub-article,alternatives,1
sub-article,tex-math,1
sub-article,{http://www.w3.org/1998/Math/MathML}mtable,5
sub-article,{http://www.w3.org/1998/Math/MathML}mtr,5
sub-article,{http://www.w3.org/1998/Math/MathML}mtd,5
sub-article,def-list,1
sub-article,def-item,1
sub-article,term,1
sub-article,def,1
sub-article,tfoot,3
sub-article,funding-statement,3
sub-article,bio,1
sub-article,collab,2
sub-article,etal,5
sub-article,notes,1
sub-article,edition,1
sub-article,conf-name,1
sub-article,conf-date,1
sub-article,conf-loc,1
sub-article,date-in-citation,1
table-wrap,table-wrap,272
table-wrap,label,187
table-wrap,caption,214
table-wrap,p,214
table-wrap,table,261
table-wrap,col,122
table-wrap,thead,238
table-wrap,tr,261
table-wrap,th,216
table-wrap,tbody,261
table-wrap,td,261
table-wrap,sub,35
table-wrap,table-wrap-foot,122
table-wrap,fn,112
table-wrap,permissions,14
table-wrap,copyright-holder,14
table-wrap,colgroup,78
table-wrap,bold,67
table-wrap,xref,107
table-wrap,sup,70
table-wrap,hr,25
table-wrap,object-id,3
table-wrap,title,40
table-wrap,alternatives,17
table-wrap,graphic,31
table-wrap,italic,70
table-wrap,sc,4
table-wrap,break,32
table-wrap,ext-link,14
table-wrap,list,13
table-wrap,list-item,13
table-wrap,email,5
table-wrap,inline-formula,6
table-wrap,inline-graphic,2
table-wrap,license,2
table-wrap,license-p,2
table-wrap,{http://www.w3.org/1998/Math/MathML}math,4
table-wrap,{http://www.w3.org/1998/Math/MathML}mo,3
table-wrap,underline,4
table-wrap,x,1
table-wrap,{http://www.w3.org/1998/Math/MathML}mrow,3
table-wrap,{http://www.w3.org/1998/Math/MathML}msub,2
table-wrap,{http://www.w3.org/1998/Math/MathML}mi,3
table-wrap,{http://www.w3.org/1998/Math/MathML}mtext,1
table-wrap,{http://www.w3.org/1998/Math/MathML}mn,2
table-wrap,{http://www.w3.org/1998/Math/MathML}msup,1
list,list,81
list,list-item,81
list,p,81
list,bold,10
list,italic,14
list,sup,4
list,label,1
list,sub,4
list,xref,13
list,inline-formula,1
list,{http://www.w3.org/1998/Math/MathML}math,1
list,{http://www.w3.org/1998/Math/MathML}mi,1
list,title,2
list,named-content,2
list,uri,1
list,inline-graphic,1
floats-wrap,floats-wrap,363
floats-wrap,fig,325
floats-wrap,label,363
floats-wrap,caption,362
floats-wrap,p,362
floats-wrap,sub,105
floats-wrap,graphic,327
floats-wrap,table-wrap,246
floats-wrap,table,235
floats-wrap,thead,217
floats-wrap,tr,235
floats-wrap,th,224
floats-wrap,sup,178
floats-wrap,tbody,233
floats-wrap,td,235
floats-wrap,table-wrap-foot,163
floats-wrap,fn,158
floats-wrap,bold,166
floats-wrap,xref,173
floats-wrap,sc,36
floats-wrap,italic,237
floats-wrap,colgroup,22
floats-wrap,col,22
floats-wrap,ext-link,30
floats-wrap,inline-graphic,11
floats-wrap,title,7
floats-wrap,hr,86
floats-wrap,break,21
floats-wrap,inline-formula,9
floats-wrap,{http://www.w3.org/1998/Math/MathML}math,6
floats-wrap,{http://www.w3.org/1998/Math/MathML}mrow,6
floats-wrap,{http://www.w3.org/1998/Math/MathML}mfrac,2
floats-wrap,{http://www.w3.org/1998/Math/MathML}mi,4
floats-wrap,{http://www.w3.org/1998/Math/MathML}mo,6
floats-wrap,{http://www.w3.org/1998/Math/MathML}mtext,3
floats-wrap,{http://www.w3.org/1998/Math/MathML}mn,5
floats-wrap,{http://www.w3.org/1998/Math/MathML}mmultiscripts,1
floats-wrap,{http://www.w3.org/1998/Math/MathML}mprescripts,1
floats-wrap,{http://www.w3.org/1998/Math/MathML}none,1
floats-wrap,{http://www.w3.org/1998/Math/MathML}msup,3
floats-wrap,list,6
floats-wrap,list-item,6
floats-wrap,underline,6
floats-wrap,table-wrap-group,2
floats-wrap,tfoot,1
floats-wrap,email,1
floats-wrap,uri,1
floats-wrap,{http://www.w3.org/1998/Math/MathML}msub,1
floats-wrap,{http://www.w3.org/1998/Math/MathML}msubsup,1
floats-wrap,{http://www.w3.org/1998/Math/MathML}mover,1
floats-wrap,chem-struct,1
graphic,graphic,77
graphic,permissions,1
graphic,license,1
graphic,license-p,1
disp-quote,disp-quote,219
disp-quote,p,219
disp-quote,italic,173
disp-quote,related-article,2
disp-quote,xref,29
disp-quote,sup,10
disp-quote,attrib,28
disp-quote,bold,5
disp-quote,sc,2
disp-quote,title,1
speech,speech,1
speech,speaker,1
speech,p,1
sig-block,sig-block,4
sig-block,sig,4
sig-block,italic,3
sig-block,break,4
sig-block,bold,1
supplementary-material,supplementary-material,2
supplementary-material,caption,2
supplementary-material,p,2
supplementary-material,sup,1
supplementary-material,media,2
supplementary-material,graphic,2
supplementary-material,bold,1
supplementary-material,xref,1
verse-group,verse-group,1
verse-group,verse-line,1
verse-group,attrib,1
disp-formula,disp-formula,2
disp-formula,label,1
disp-formula,{http://www.w3.org/1998/Math/MathML}math,1
disp-formula,{http://www.w3.org/1998/Math/MathML}mrow,1
disp-formula,{http://www.w3.org/1998/Math/MathML}mtext,1
disp-formula,{http://www.w3.org/1998/Math/MathML}mo,1
disp-formula,{http://www.w3.org/1998/Math/MathML}munderover,1
disp-formula,{http://www.w3.org/1998/Math/MathML}mi,1
disp-formula,{http://www.w3.org/1998/Math/MathML}mn,1
disp-formula,{http://www.w3.org/1998/Math/MathML}msub,1
disp-formula,graphic,1
response,response,1
response,front-stub,1
response,contrib-group,1
response,contrib,1
response,name,1
response,surname,1
response,given-names,1
response,pub-date,1
response,day,1
response,month,1
response,year,1
response,p,1
